-- MySQL dump 10.13  Distrib 8.0.45, for Linux (x86_64)
--
-- Host: localhost    Database: flashcards
-- ------------------------------------------------------
-- Server version	9.5.0

/*!40101 SET @OLD_CHARACTER_SET_CLIENT=@@CHARACTER_SET_CLIENT */;
/*!40101 SET @OLD_CHARACTER_SET_RESULTS=@@CHARACTER_SET_RESULTS */;
/*!40101 SET @OLD_COLLATION_CONNECTION=@@COLLATION_CONNECTION */;
/*!50503 SET NAMES utf8mb4 */;
/*!40103 SET @OLD_TIME_ZONE=@@TIME_ZONE */;
/*!40103 SET TIME_ZONE='+00:00' */;
/*!40014 SET @OLD_UNIQUE_CHECKS=@@UNIQUE_CHECKS, UNIQUE_CHECKS=0 */;
/*!40014 SET @OLD_FOREIGN_KEY_CHECKS=@@FOREIGN_KEY_CHECKS, FOREIGN_KEY_CHECKS=0 */;
/*!40101 SET @OLD_SQL_MODE=@@SQL_MODE, SQL_MODE='NO_AUTO_VALUE_ON_ZERO' */;
/*!40111 SET @OLD_SQL_NOTES=@@SQL_NOTES, SQL_NOTES=0 */;
SET @MYSQLDUMP_TEMP_LOG_BIN = @@SESSION.SQL_LOG_BIN;
SET @@SESSION.SQL_LOG_BIN= 0;

--
-- GTID state at the beginning of the backup 
--

SET @@GLOBAL.GTID_PURGED=/*!80000 '+'*/ '46e5127e-ec71-11f0-82de-925b425f1bc3:1-19049';

--
-- Table structure for table `category`
--

DROP TABLE IF EXISTS `category`;
/*!40101 SET @saved_cs_client     = @@character_set_client */;
/*!50503 SET character_set_client = utf8mb4 */;
CREATE TABLE `category` (
  `id` int NOT NULL AUTO_INCREMENT,
  `value` varchar(100) DEFAULT NULL,
  PRIMARY KEY (`id`)
) ENGINE=InnoDB AUTO_INCREMENT=9 DEFAULT CHARSET=utf8mb4 COLLATE=utf8mb4_0900_ai_ci;
/*!40101 SET character_set_client = @saved_cs_client */;

--
-- Dumping data for table `category`
--

LOCK TABLES `category` WRITE;
/*!40000 ALTER TABLE `category` DISABLE KEYS */;
INSERT INTO `category` VALUES (1,'nouns'),(2,'verbs'),(3,'adjectives'),(4,'adverbs'),(5,'pronouns'),(6,'prepositions'),(7,'conjunctions'),(8,'interjections');
/*!40000 ALTER TABLE `category` ENABLE KEYS */;
UNLOCK TABLES;

--
-- Table structure for table `gender`
--

DROP TABLE IF EXISTS `gender`;
/*!40101 SET @saved_cs_client     = @@character_set_client */;
/*!50503 SET character_set_client = utf8mb4 */;
CREATE TABLE `gender` (
  `id` int NOT NULL AUTO_INCREMENT,
  `value` varchar(100) CHARACTER SET utf8mb4 COLLATE utf8mb4_0900_ai_ci DEFAULT NULL,
  PRIMARY KEY (`id`)
) ENGINE=InnoDB AUTO_INCREMENT=5 DEFAULT CHARSET=utf8mb4 COLLATE=utf8mb4_0900_ai_ci;
/*!40101 SET character_set_client = @saved_cs_client */;

--
-- Dumping data for table `gender`
--

LOCK TABLES `gender` WRITE;
/*!40000 ALTER TABLE `gender` DISABLE KEYS */;
INSERT INTO `gender` VALUES (1,'feminine'),(2,'masculine'),(3,'neuter'),(4,'');
/*!40000 ALTER TABLE `gender` ENABLE KEYS */;
UNLOCK TABLES;

--
-- Table structure for table `word`
--

DROP TABLE IF EXISTS `word`;
/*!40101 SET @saved_cs_client     = @@character_set_client */;
/*!50503 SET character_set_client = utf8mb4 */;
CREATE TABLE `word` (
  `id` int NOT NULL AUTO_INCREMENT,
  `lang` varchar(100) CHARACTER SET utf8mb4 COLLATE utf8mb4_0900_ai_ci DEFAULT NULL,
  `category` int DEFAULT NULL,
  `gender` int DEFAULT NULL,
  `name` varchar(100) CHARACTER SET utf8mb4 COLLATE utf8mb4_0900_ai_ci NOT NULL,
  `alternate` varchar(100) DEFAULT NULL,
  `definition` text,
  `serie` int DEFAULT NULL,
  PRIMARY KEY (`id`),
  UNIQUE KEY `word_unique` (`lang`,`name`)
) ENGINE=InnoDB AUTO_INCREMENT=687 DEFAULT CHARSET=utf8mb4 COLLATE=utf8mb4_0900_ai_ci;
/*!40101 SET character_set_client = @saved_cs_client */;

--
-- Dumping data for table `word`
--

LOCK TABLES `word` WRITE;
/*!40000 ALTER TABLE `word` DISABLE KEYS */;
INSERT INTO `word` VALUES (1,'EN',1,4,'cat','','',1),(4,'EL',1,4,'γάτα','','',1),(5,'JA',1,4,'猫','ねこ','',1),(6,'FR',1,2,'chat','','',1),(8,'EN',1,4,'dog','','',2),(9,'EL',1,2,'σκυλί','','',2),(10,'JA',1,4,'犬','いぬ','',2),(11,'FR',1,2,'chien','dsa','',2),(18,'EN',1,4,'apple','','',3),(28,'EN',1,NULL,'fox','','',4),(29,'EL',1,NULL,'αλεπού','','',4),(30,'JA',1,NULL,'キツネ','','',4),(31,'FR',1,2,'renard','','',4),(34,'FR',1,4,'canard','','',5),(41,'EN',1,4,'duck','','',5),(46,'EN',1,4,'water','','',6),(47,'EL',1,4,'νερό','','',6),(48,'FR',1,1,'eau','','',6),(52,'JA',1,4,'水','みず','',6),(57,'EN',1,4,'moon','','',8),(58,'FR',1,1,'lune','','',8),(60,'EL',1,4,'Φεγγάρι','','',8),(61,'JA',1,4,'月','','',8),(63,'EN',1,4,'chair','','',9),(64,'EL',1,4,'καρέκλα','','',9),(65,'FR',1,1,'chaise','','',9),(67,'EN',1,4,'bed','','',10),(68,'EL',1,4,'κρεβάτι','','',10),(69,'JA',1,4,'ベッド','','',10),(70,'FR',1,2,'lit','','',10),(77,'EN',1,4,'sun','','',11),(78,'EL',1,4,'ηλιος','','',11),(79,'FR',1,4,'soleil','','',11),(90,'EN',1,4,'bin','','',13),(91,'EN',1,4,'paper','','',14),(92,'EL',1,4,'χαρτί','','',14),(93,'JA',1,4,'紙','かみ','',14),(94,'FR',1,4,'papier','','',14),(107,'EL',1,4,'αποθήκη','','',13),(108,'JA',1,4,'ビン','','',13),(109,'FR',1,4,'poubelle','','',13),(116,'EN',1,4,'box','','',15),(117,'EL',1,4,'κουτί','','',15),(118,'JA',1,4,'箱','はこ','',15),(119,'FR',1,4,'boîte','','',15),(126,'EN',1,4,'page','','',16),(127,'EL',1,4,'σελίδα','','',16),(128,'JA',1,4,'ページ','','',16),(129,'FR',1,4,'page','','',16),(131,'EN',1,NULL,'avenue','','',17),(132,'EL',1,NULL,'λεωφόρος','','',17),(133,'JA',1,NULL,'大通り','','',17),(134,'FR',1,4,'rue','','',17),(137,'EL',1,4,'μήλο','','',3),(138,'JA',1,4,'りんご','','',3),(139,'FR',1,4,'pomme','','',3),(142,'EL',1,4,'πάπια','','',5),(143,'JA',1,4,'アヒル','','',5),(148,'JA',1,4,'太陽','','',11),(156,'EN',1,4,'shoe','','',18),(157,'EL',1,4,'παπούτσι','','',18),(158,'JA',1,4,'靴','くつ','',18),(159,'FR',1,4,'chaussure','','',18),(161,'EN',1,4,'trousers','','',19),(162,'EL',1,4,'παντελόνι','','',19),(163,'JA',1,4,'ズボン','','',19),(164,'FR',1,4,'pantalon','','',19),(166,'EN',1,4,'meat','','',20),(167,'EL',1,4,'κρέας','','',20),(168,'JA',1,4,'肉','にく','',20),(169,'FR',1,4,'viande','','',20),(171,'EN',1,4,'world','','world',21),(172,'EL',1,4,'κόσμος','','world',21),(173,'JA',1,4,'世界','せかい','world',21),(174,'FR',1,4,'monde','','world',21),(176,'EN',1,4,'earth','','',22),(177,'EL',1,4,'γη','','',22),(178,'JA',1,4,'地球','ちきゅう','',22),(179,'FR',1,4,'Terre','','',22),(190,'EL',1,NULL,'λεκάνη','','',23),(191,'EN',1,NULL,'bowl','','',23),(192,'FR',1,NULL,'bol','dsadsad','',23),(193,'JA',1,NULL,'ボウル','','',23),(211,'EL',2,4,'πάω','','',24),(212,'EN',2,4,'go','','',24),(213,'FR',2,4,'aller','','',24),(214,'JA',2,4,'行く','','',24),(229,'EL',2,4,'τρέξιμο','','',25),(230,'EN',2,4,'run','','',25),(231,'FR',2,4,'courir','','',25),(232,'JA',2,4,'走る','','',25),(234,'EL',2,4,'να αγαπάς','','',26),(235,'EN',2,4,'to love','','',26),(236,'FR',2,4,'aimer','','',26),(237,'JA',2,4,'愛すること','','',26),(239,'EL',1,4,'ρολόι','','',27),(240,'EN',1,4,'watch','','',27),(241,'FR',1,4,'montre','','',27),(242,'JA',1,4,'時計','','',27),(244,'EL',2,NULL,'να παρακολουθήσουν','','',28),(245,'EN',2,NULL,'to watch','','',28),(246,'FR',2,NULL,'regarder','','',28),(247,'JA',2,NULL,'見る','みる','',28),(261,'FR',1,NULL,'avenue','','',17),(264,'EL',1,4,'δρόμος','','',29),(265,'EN',1,4,'road','','',29),(266,'FR',1,4,'route','','',29),(267,'JA',1,4,'道','','',29),(270,'EN',1,4,'street','','',29),(272,'JA',1,4,'通り','','',29),(288,'EL',1,4,'νόμος','','',30),(289,'EN',1,4,'law','','',30),(290,'FR',1,1,'loi','','',30),(291,'JA',1,4,'法','ほう','',30),(292,'EL',1,4,'τηλεόραση','','',31),(293,'EN',1,4,'television','','',31),(294,'FR',1,4,'télévision','','',31),(295,'JA',1,4,'テレビ','','',31),(299,'JA',1,4,'椅子','','',9),(300,'EL',1,4,'πισίνα','','',32),(301,'EN',1,4,'pool','','',32),(302,'FR',1,4,'piscine','','',32),(306,'JA',1,4,'プール','','',32),(307,'EL',1,4,'κιθάρα','','',33),(308,'EN',1,4,'guitar','','',33),(309,'FR',1,4,'guitare','','',33),(310,'JA',1,4,'ギター','','',33),(311,'EL',1,4,'βιολί','','',34),(312,'EN',1,4,'violin','','',34),(313,'FR',1,4,'violon','','',34),(314,'JA',1,4,'バイオリン','','',34),(315,'EL',1,4,'χόλ','','',35),(316,'EN',1,4,'hall','','',35),(317,'FR',1,4,'salle','','',35),(318,'JA',1,4,'ホール','','',35),(319,'EL',1,4,'πατάτα','','',36),(320,'EN',1,4,'potato','','',36),(321,'FR',1,4,'pomme de terre','','',36),(322,'JA',1,4,'じゃがいも','','',36),(323,'EL',1,4,'σαλάτα','','',37),(324,'EN',1,4,'salad','','',37),(325,'FR',1,4,'salade','','',37),(329,'JA',1,4,'サラダ','','',37),(330,'EL',1,4,'αλάτι','','',38),(331,'EN',1,4,'salt','','',38),(332,'FR',1,4,'sel','','',38),(333,'EL',1,4,'άλας','','',38),(336,'JA',1,4,'塩','','',38),(337,'EL',1,4,'πιπέρι','','',39),(338,'EN',1,4,'pepper','','',39),(339,'JA',1,4,'ペッパー','','',39),(343,'FR',1,4,'poivre','','',39),(344,'EL',1,4,'ψάρι','','',40),(345,'EN',1,4,'fish','','',40),(346,'JA',1,4,'魚','','',40),(350,'FR',1,4,'poisson','','',40),(351,'EL',1,4,'καρπός','','',41),(352,'EN',1,4,'fruit','','',41),(353,'FR',1,2,'fruit','','',41),(354,'JA',1,4,'フルーツ','','',41),(355,'EL',1,4,'λαχανικό','','',42),(356,'EN',1,4,'vegetable','','',42),(357,'FR',1,2,'légume','','',42),(358,'JA',1,4,'野菜','やさい','',42),(359,'EL',1,4,'παράθυρο','','',43),(360,'EN',1,4,'window','','',43),(361,'FR',1,4,'fenêtre','','',43),(362,'JA',1,4,'ウィンドウ','','',43),(363,'EL',1,4,'πόρτα','','',44),(364,'EN',1,4,'door','','',44),(365,'FR',1,4,'porte','','',44),(366,'JA',1,4,'ドア','','',44),(367,'EL',1,4,'δωμάτιο','','',45),(368,'EN',1,4,'room','','',45),(369,'FR',1,4,'chambre','','',45),(370,'JA',1,4,'部屋','','',45),(371,'EL',1,4,'μπαλκόνι','','',46),(372,'EN',1,4,'balcony','','',46),(373,'FR',1,4,'balcon','','',46),(374,'JA',1,4,'バルコニー','','',46),(375,'EL',1,4,'σκάφος','','',47),(376,'EN',1,4,'boat','','',47),(377,'FR',1,4,'bateau','','',47),(378,'JA',1,4,'ボート','','',47),(379,'EL',1,4,'τρένο','','',48),(380,'EN',1,4,'train','','',48),(381,'FR',1,2,'train','','',48),(382,'JA',1,4,'電車','でんしゃ','',48),(383,'EL',1,4,'αυτοκίνητο','','',49),(384,'EN',1,4,'car','','',49),(385,'FR',1,2,'voiture','','',49),(386,'JA',1,4,'車','くるま','',49),(387,'EL',1,4,'αστέρι','','',50),(388,'EN',1,4,'star','','',50),(389,'FR',1,4,'étoile','','',50),(390,'JA',1,4,'星','ほし','',50),(391,'EL',1,4,'αετός','','',51),(392,'EN',1,4,'eagle','','',51),(393,'FR',1,4,'aigle','','',51),(394,'JA',1,4,'イーグル','','',51),(395,'EL',1,4,'πουλί','','',52),(396,'EN',1,4,'bird','','',52),(397,'FR',1,4,'oiseau','','',52),(398,'JA',1,4,'鳥','とり','',52),(399,'EL',1,4,'αρκούδα','','',53),(400,'EN',1,4,'bear','','',53),(401,'FR',1,4,'ours','','',53),(402,'JA',1,4,'クマ','','',53),(403,'EL',1,4,'άνθρωπος','','',54),(404,'EN',1,4,'man','','',54),(405,'FR',1,4,'homme','','',54),(406,'JA',1,4,'男','','',54),(407,'EL',1,4,'γυναίκα','','',55),(408,'EN',1,4,'woman','','',55),(409,'FR',1,4,'femme','','',55),(410,'JA',1,4,'女性','じょせい','',55),(415,'EL',1,4,'θεός','','',56),(416,'EN',1,4,'god','','',56),(417,'FR',1,4,'Dieu','','',56),(418,'JA',1,4,'神','かみ','',56),(419,'EL',1,4,'πατέρας','','',57),(420,'EN',1,4,'father','','',57),(421,'FR',1,4,'père','','',57),(422,'JA',1,4,'父親','','',57),(423,'EL',1,4,'μητέρα','','',58),(424,'EN',1,4,'mother','','',58),(425,'FR',1,4,'mère','','',58),(426,'JA',1,4,'母親','','',58),(427,'EL',1,4,'στιγμή','','',59),(428,'EN',1,4,'moment','','',59),(429,'FR',1,4,'moment','','',59),(430,'JA',1,4,'一瞬','','',59),(431,'EL',1,4,'ποτέ','','',60),(432,'EN',1,4,'never','','',60),(433,'FR',1,4,'jamais','','',60),(434,'JA',1,4,'一度もない','','',60),(435,'EL',1,4,'τίποτα','','',61),(436,'EN',1,4,'nothing','','',61),(437,'FR',1,4,'rien','','',61),(438,'JA',1,4,'何もない','','',61),(439,'EL',1,4,'ιός','','',62),(440,'EN',1,4,'virus','','',62),(441,'FR',1,4,'virus','','',62),(442,'JA',1,4,'ウイルス','','',62),(443,'EL',1,4,'βασιλιάς','','',63),(444,'EN',1,4,'king','','',63),(445,'FR',1,4,'roi','','',63),(446,'JA',1,4,'王','おう','',63),(447,'EL',1,4,'βία','','',64),(448,'EN',1,4,'violence','','',64),(449,'FR',1,4,'violence','','',64),(450,'JA',1,4,'暴力','','',64),(455,'EL',1,4,'ειρήνη','','',65),(456,'EN',1,4,'peace','','',65),(457,'FR',1,4,'paix','','',65),(458,'JA',1,4,'平和','','',65),(459,'EL',1,4,'πόλεμος','','',66),(460,'EN',1,4,'war','','',66),(461,'FR',1,4,'guerre','','',66),(462,'JA',1,4,'戦争','','',66),(463,'EL',1,4,'ποτάμι','','',67),(464,'EN',1,4,'river','','',67),(465,'FR',1,4,'rivière','','',67),(466,'JA',1,4,'川','','',67),(467,'EL',1,4,'βουνό','','',68),(468,'EN',1,4,'mountain','','',68),(469,'FR',1,4,'montagne','','',68),(470,'JA',1,4,'山','','',68),(475,'EL',1,4,'δάσος','','',69),(476,'EN',1,4,'forest','','',69),(477,'FR',1,4,'forêt','','',69),(478,'JA',1,4,'森','','',69),(479,'EL',1,4,'εργασία','','',70),(480,'EN',1,4,'work','','',70),(481,'FR',1,4,'travail','','',70),(482,'JA',1,4,'仕事','しごと','',70),(483,'EL',1,4,'δουλειά','','',70),(484,'EN',1,4,'job','','',70),(485,'FR',1,4,'emploi','','',70),(487,'EL',1,4,'κρύο','','',71),(488,'EN',1,4,'cold','','',71),(489,'FR',1,4,'froid','','',71),(490,'JA',1,4,'寒い','しごと','',71),(491,'EL',1,4,'άγαλμα','','',72),(492,'EN',1,4,'statue','','',72),(493,'FR',1,4,'statue','','',72),(494,'JA',1,4,'像','','',72),(495,'EL',1,4,'δημοκρατία','','',73),(496,'EN',1,4,'democracy','','',73),(497,'FR',1,4,'démocratie','','',73),(498,'JA',1,4,'民主主義','','',73),(519,'EL',1,4,'δούλος','','',74),(520,'EN',1,4,'slave','','',74),(521,'FR',1,4,'esclave','','',74),(522,'JA',1,4,'奴隷','','',74),(523,'EL',1,4,'Κυριακή','','',75),(524,'EN',1,4,'Sunday','','',75),(525,'FR',1,4,'Dimanche','','',75),(526,'JA',1,4,'日曜日','にちようび','',75),(527,'EL',1,4,'Σάββατο','','',76),(528,'EN',1,4,'Saturday','','',76),(529,'FR',1,4,'Samedi','','',76),(530,'JA',1,4,'土曜日','きんようび','',76),(531,'EL',1,4,'Δευτέρα','','',77),(532,'EN',1,4,'Monday','','',77),(533,'FR',1,4,'Lundi','','',77),(534,'JA',1,4,'月曜日','げつようび','',77),(535,'EL',1,4,'Τρίτη','','',78),(536,'EN',1,4,'Tuesday','','',78),(537,'FR',1,4,'Mardi','','',78),(538,'JA',1,4,'火曜日','かようび','',78),(539,'EL',1,4,'Τετάρτη','','',79),(540,'EN',1,4,'Wenesday','','',79),(541,'FR',1,4,'mercredi','','',79),(542,'JA',1,4,'水曜日','すいようび','',79),(543,'EL',1,4,'Πέμπτη','','',80),(544,'EN',1,4,'Thursday','','',80),(545,'FR',1,4,'Jeudi','','',80),(546,'JA',1,4,'木曜日','もくようび','',80),(547,'EL',1,4,'Παρασκευή','','',81),(548,'EN',1,4,'Friday','','',81),(549,'FR',1,4,'Vendredi','','',81),(550,'JA',1,4,'金曜日','きにょうび','',81),(551,'EL',1,4,'χάπι','','',82),(552,'EN',1,4,'pill','','',82),(553,'FR',1,4,'pilule','','',82),(554,'JA',1,4,'ピル','','',82),(555,'EL',1,4,'αέρας','άνεμος','',83),(556,'EN',1,4,'wind','','',83),(557,'FR',1,4,'vent','','',83),(558,'JA',1,4,'風','かぜ','',83),(559,'EL',1,4,'βροχή','','',84),(560,'EN',1,4,'rain','','',84),(561,'FR',1,4,'pluie','','',84),(562,'JA',1,4,'雨','あめ','',84),(563,'EL',1,4,'ομίχλη','','',85),(564,'EN',1,4,'mist','','',85),(565,'FR',1,4,'brume','','',85),(566,'JA',1,4,'ミスト','','',85),(567,'EL',1,4,'χορτοφάγος','','',86),(568,'EN',1,4,'vegatarian','','',86),(569,'FR',1,4,'végétarien','','',86),(570,'JA',1,4,'菜食主義者','','',86),(575,'EL',1,4,'γρασίδι','','',87),(576,'EN',1,4,'grass','','',87),(577,'FR',1,4,'herbe','','',87),(578,'JA',1,4,'草','','',87),(583,'EL',1,4,'φράουλα','','',88),(584,'EN',1,4,'strawberry','','',88),(585,'FR',1,4,'fraise','','',88),(586,'JA',1,4,'いちご','','',88),(587,'EL',1,4,'λεμόνι','','',89),(588,'EN',1,4,'lemon','','',89),(589,'FR',1,4,'citron','','',89),(590,'JA',1,4,'レモン','','',89),(595,'EL',1,4,'Ευρώπη','','',90),(596,'EN',1,4,'Europe','','',90),(597,'FR',1,4,'Europe','','',90),(598,'JA',1,4,'ヨーロッパ','','',90),(599,'EL',1,4,'Γαλλία','','',91),(600,'EN',1,4,'France','','',91),(601,'FR',1,4,'France','','',91),(602,'JA',1,4,'フランス','','',91),(603,'EL',1,4,'Γερμανία','','',92),(604,'EN',1,4,'Germany','','',92),(605,'FR',1,4,'Allemagne','','',92),(606,'JA',1,4,'ドイツ','','',92),(607,'EL',1,4,'Αφρική','','',93),(608,'EN',1,4,'Africa','','',93),(609,'FR',1,4,'Afrique','','',93),(610,'JA',1,4,'アフリカ','','',93),(611,'EL',1,4,'Ασία','','',94),(612,'EN',1,4,'Asia','','',94),(613,'FR',1,4,'Asie','','',94),(614,'JA',1,4,'アジア','','',94),(615,'EL',1,4,'Αγγλία','','',95),(616,'EN',1,4,'England','','',95),(617,'FR',1,4,'Angleterre','','',95),(618,'JA',1,4,'イングランド','','',95),(619,'EL',1,4,'Καναδάς','','',96),(620,'EN',1,4,'Canada','','',96),(621,'FR',1,4,'Canada','','',96),(622,'JA',1,4,'カナダ','','',96),(623,'EL',1,4,'Ιταλία','','',97),(624,'EN',1,4,'Italy','','',97),(625,'FR',1,4,'Italie','','',97),(626,'JA',1,4,'イタリア','','',97),(627,'EL',1,4,'μύτη','','',98),(628,'EN',1,4,'nose','','',98),(629,'FR',1,4,'nez','','',98),(630,'JA',1,4,'鼻','','',98),(631,'EL',1,4,'μάτι','','',99),(632,'EN',1,4,'eye','','',99),(633,'FR',1,4,'œil','','',99),(634,'JA',1,4,'目','','',99),(635,'EL',1,4,'αυτί','','',100),(636,'EN',1,4,'ear','','',100),(637,'FR',1,4,'oreille','','',100),(638,'JA',1,4,'耳','','',100),(639,'EL',1,4,'κεφάλι','','',101),(640,'EN',1,4,'head','','',101),(641,'FR',1,4,'tête','','',101),(642,'JA',1,4,'頭','','',101),(643,'EL',1,4,'αστυνομία','','',102),(644,'EN',1,4,'police','','',102),(645,'FR',1,4,'police','','',102),(646,'JA',1,4,'警察','','',102),(647,'EL',1,4,'στρατός','','',103),(648,'EN',1,4,'army','','',103),(649,'FR',1,4,'armée','','',103),(650,'JA',1,4,'軍','','',103),(651,'EL',1,4,'στρατιώτης','','',104),(652,'EN',1,4,'soldier','','',104),(653,'FR',1,4,'soldat','','',104),(654,'JA',1,4,'兵士','','',104),(655,'EL',1,4,'πυροσβέστης','','',105),(656,'EN',1,4,'firefighter','','',105),(657,'FR',1,4,'pompier','','',105),(658,'JA',1,4,'消防士','','',105),(659,'EL',1,4,'νοσοκόμα','','',106),(660,'EN',1,4,'nurse','','',106),(661,'FR',1,4,'infirmière','','',106),(662,'JA',1,4,'看護師','','',106),(663,'EL',1,4,'νοσοκομείο','','',107),(664,'EN',1,4,'hospital','','',107),(665,'FR',1,4,'hôpital','','',107),(666,'JA',1,4,'病院','','',107),(667,'EL',1,4,'γιατρός','','',108),(668,'EN',1,4,'doctor','','',108),(669,'FR',1,4,'médecin','','',108),(670,'JA',1,4,'医者','','',108),(671,'EL',1,4,'σερβιτόρος','','',109),(672,'EN',1,4,'waiter','','',109),(673,'FR',1,4,'serveur','','',109),(674,'JA',1,4,'ウェイター','','',109),(675,'EL',1,4,'ρύζι','','',110),(676,'EN',1,4,'rice','','',110),(677,'FR',1,4,'riz','','',110),(678,'JA',1,4,'米','','',110),(679,'EL',1,4,'λουλούδι','','',111),(680,'EN',1,4,'flower','','',111),(681,'FR',1,4,'fleur','','',111),(682,'JA',1,4,'花','','',111),(683,'EL',1,4,'ξύλο','','',112),(684,'EN',1,4,'wood','','',112),(685,'FR',1,4,'bois','','',112),(686,'JA',1,4,'木材','','',112);
/*!40000 ALTER TABLE `word` ENABLE KEYS */;
UNLOCK TABLES;

--
-- Dumping routines for database 'flashcards'
--
SET @@SESSION.SQL_LOG_BIN = @MYSQLDUMP_TEMP_LOG_BIN;
/*!40103 SET TIME_ZONE=@OLD_TIME_ZONE */;

/*!40101 SET SQL_MODE=@OLD_SQL_MODE */;
/*!40014 SET FOREIGN_KEY_CHECKS=@OLD_FOREIGN_KEY_CHECKS */;
/*!40014 SET UNIQUE_CHECKS=@OLD_UNIQUE_CHECKS */;
/*!40101 SET CHARACTER_SET_CLIENT=@OLD_CHARACTER_SET_CLIENT */;
/*!40101 SET CHARACTER_SET_RESULTS=@OLD_CHARACTER_SET_RESULTS */;
/*!40101 SET COLLATION_CONNECTION=@OLD_COLLATION_CONNECTION */;
/*!40111 SET SQL_NOTES=@OLD_SQL_NOTES */;

-- Dump completed on 2026-03-15 15:46:30
